iter	Passed	Remaining
0	11	17690
1	22	16572
2	32	16090
3	44	16570
4	55	16709
5	66	16444
6	77	16442
7	85	15923
8	95	15841
9	105	15712
10	116	15732
11	125	15612
12	135	15527
13	144	15325
14	154	15294
15	162	15051
16	173	15139
17	184	15228
18	198	15483
19	209	15505
20	223	15731
21	235	15795
22	248	15927
23	259	15970
24	272	16068
25	285	16208
26	298	16265
27	310	16325
28	324	16445
29	336	16498
30	348	16524
31	358	16459
32	373	16606
33	384	16594
34	396	16608
35	406	16534
36	417	16518
37	429	16523
38	440	16491
39	451	16485
40	463	16510
41	475	16500
42	486	16494
43	497	16461
44	507	16406
45	517	16356
46	529	16370
47	540	16362
48	552	16361
49	563	16330
50	573	16295
51	584	16287
52	596	16281
53	607	16265
54	618	16260
55	627	16174
56	639	16185
57	651	16203
58	663	16198
59	674	16185
60	686	16193
61	696	16150
62	708	16152
63	719	16135
64	731	16155
65	741	16120
66	753	16118
67	764	16096
68	775	16086
69	787	16088
70	798	16075
71	811	16102
72	823	16102
73	834	16077
74	847	16109
75	858	16083
76	869	16075
77	882	16092
78	892	16061
79	905	16070
80	917	16068
81	928	16057
82	941	16067
83	954	16083
84	966	16090
85	978	16084
86	991	16097
87	1003	16103
88	1016	16120
89	1028	16115
90	1040	16109
91	1052	16103
92	1065	16119
93	1077	16109
94	1088	16103
95	1100	16092
96	1113	16112
97	1125	16104
98	1137	16096
99	1149	16094
100	1161	16089
101	1173	16085
102	1186	16095
103	1197	16080
104	1210	16087
105	1221	16063
106	1232	16050
107	1247	16077
108	1260	16082
109	1273	16090
110	1286	16102
111	1299	16110
112	1313	16121
113	1330	16178
114	1349	16257
115	1365	16289
116	1380	16318
117	1392	16313
118	1408	16344
119	1420	16339
120	1432	16321
121	1444	16311
122	1454	16285
123	1466	16270
124	1478	16258
125	1489	16248
126	1501	16232
127	1513	16220
128	1525	16210
129	1536	16188
130	1549	16191
131	1562	16190
132	1575	16194
133	1586	16175
134	1598	16167
135	1611	16162
136	1624	16159
137	1636	16150
138	1647	16128
139	1660	16130
140	1673	16127
141	1685	16123
142	1698	16119
143	1711	16116
144	1725	16125
145	1737	16116
146	1749	16103
147	1761	16095
148	1774	16090
149	1786	16079
150	1798	16071
151	1811	16066
152	1823	16056
153	1843	16113
154	1865	16185
155	1882	16219
156	1899	16250
157	1915	16271
158	1929	16273
159	1944	16284
160	1960	16301
161	1975	16314
162	1990	16327
163	2004	16332
164	2017	16321
165	2031	16326
166	2044	16320
167	2056	16308
168	2068	16292
169	2079	16271
170	2091	16252
171	2104	16249
172	2118	16247
173	2132	16250
174	2144	16236
175	2155	16218
176	2169	16214
177	2180	16197
178	2192	16179
179	2206	16182
180	2218	16166
181	2230	16154
182	2242	16142
183	2255	16128
184	2266	16113
185	2278	16096
186	2289	16077
187	2302	16065
188	2314	16053
189	2325	16036
190	2339	16033
191	2350	16014
192	2363	16003
193	2375	15994
194	2387	15978
195	2399	15967
196	2412	15955
197	2426	15955
198	2439	15945
199	2449	15920
200	2460	15904
201	2472	15889
202	2484	15872
203	2495	15851
204	2507	15842
205	2519	15827
206	2531	15809
207	2543	15798
208	2556	15789
209	2566	15767
210	2579	15756
211	2591	15742
212	2603	15728
213	2613	15706
214	2626	15696
215	2637	15678
216	2649	15663
217	2660	15645
218	2672	15633
219	2685	15622
220	2695	15600
221	2707	15587
222	2718	15567
223	2729	15550
224	2741	15535
225	2754	15525
226	2766	15514
227	2776	15491
228	2789	15482
229	2802	15476
230	2813	15457
231	2824	15438
232	2838	15436
233	2851	15429
234	2863	15415
235	2876	15406
236	2887	15385
237	2900	15378
238	2913	15369
239	2924	15355
240	2936	15342
241	2947	15324
242	2961	15317
243	2972	15303
244	2983	15283
245	2995	15269
246	3006	15249
247	3018	15236
248	3029	15219
249	3039	15199
250	3050	15180
251	3062	15166
252	3073	15149
253	3085	15136
254	3099	15131
255	3111	15118
256	3123	15109
257	3136	15096
258	3148	15085
259	3159	15069
260	3169	15046
261	3181	15034
262	3193	15021
263	3205	15006
264	3216	14990
265	3227	14973
266	3240	14966
267	3251	14947
268	3263	14932
269	3275	14922
270	3287	14908
271	3300	14899
272	3312	14889
273	3321	14863
274	3330	14836
275	3340	14813
276	3351	14797
277	3363	14782
278	3374	14766
279	3386	14754
280	3395	14730
281	3406	14713
282	3418	14700
283	3429	14682
284	3441	14669
285	3451	14650
286	3463	14638
287	3474	14623
288	3486	14609
289	3498	14595
290	3511	14587
291	3523	14576
292	3535	14563
293	3547	14550
294	3560	14543
295	3572	14532
296	3582	14512
297	3593	14496
298	3606	14485
299	3619	14477
300	3633	14472
301	3644	14457
302	3657	14448
303	3669	14436
304	3683	14431
305	3694	14414
306	3707	14407
307	3720	14397
308	3730	14380
309	3744	14372
310	3757	14365
311	3768	14349
312	3778	14330
313	3790	14318
314	3802	14302
315	3814	14292
316	3827	14283
317	3836	14261
318	3850	14254
319	3861	14239
320	3872	14222
321	3886	14216
322	3897	14203
323	3910	14192
324	3922	14181
325	3933	14166
326	3945	14152
327	3956	14137
328	3968	14126
329	3980	14113
330	3994	14107
331	4006	14096
332	4019	14085
333	4030	14070
334	4043	14062
335	4056	14054
336	4067	14038
337	4080	14027
338	4092	14016
339	4105	14008
340	4118	13997
341	4130	13986
342	4143	13977
343	4156	13967
344	4168	13955
345	4180	13942
346	4192	13930
347	4204	13917
348	4216	13906
349	4229	13897
350	4241	13884
351	4254	13875
352	4266	13863
353	4278	13849
354	4291	13840
355	4303	13829
356	4314	13812
357	4327	13805
358	4340	13795
359	4352	13781
360	4366	13778
361	4376	13757
362	4388	13745
363	4400	13734
364	4415	13729
365	4426	13715
366	4439	13705
367	4451	13692
368	4462	13678
369	4475	13669
370	4484	13648
371	4496	13633
372	4508	13623
373	4520	13610
374	4532	13596
375	4545	13588
376	4557	13577
377	4569	13564
378	4581	13550
379	4591	13533
380	4601	13513
381	4613	13502
382	4626	13492
383	4638	13481
384	4650	13467
385	4663	13457
386	4676	13449
387	4688	13436
388	4701	13428
389	4713	13415
390	4726	13406
391	4739	13397
392	4751	13384
393	4764	13374
394	4777	13363
395	4789	13351
396	4803	13344
397	4820	13345
398	4835	13344
399	4849	13336
400	4865	13335
401	4879	13328
402	4895	13324
403	4909	13318
404	4922	13310
405	4935	13299
406	4947	13286
407	4958	13271
408	4970	13258
409	4982	13247
410	4996	13238
411	5007	13223
412	5020	13213
413	5033	13203
414	5046	13193
415	5058	13181
416	5070	13169
417	5081	13153
418	5091	13136
419	5103	13123
420	5116	13114
421	5128	13101
422	5141	13091
423	5153	13079
424	5167	13070
425	5180	13061
426	5193	13051
427	5205	13038
428	5219	13031
429	5231	13016
430	5242	13003
431	5254	12990
432	5266	12976
433	5276	12961
434	5289	12949
435	5301	12936
436	5312	12921
437	5322	12905
438	5333	12890
439	5344	12875
440	5353	12856
441	5365	12842
442	5375	12825
443	5386	12810
444	5398	12798
445	5409	12783
446	5419	12766
447	5430	12752
448	5441	12736
449	5452	12721
450	5464	12711
451	5478	12701
452	5489	12688
453	5501	12674
454	5514	12664
455	5526	12651
456	5538	12639
457	5549	12626
458	5561	12614
459	5572	12598
460	5585	12589
461	5598	12577
462	5611	12568
463	5623	12556
464	5634	12541
465	5647	12530
466	5658	12516
467	5669	12502
468	5682	12491
469	5693	12477
470	5704	12462
471	5716	12449
472	5728	12438
473	5740	12425
474	5752	12414
475	5765	12402
476	5776	12389
477	5788	12375
478	5799	12362
479	5812	12351
480	5823	12337
481	5834	12322
482	5846	12310
483	5857	12295
484	5869	12283
485	5881	12271
486	5893	12258
487	5902	12240
488	5913	12226
489	5925	12213
490	5937	12202
491	5949	12189
492	5963	12181
493	5976	12170
494	5988	12158
495	6000	12145
496	6012	12134
497	6025	12123
498	6036	12108
499	6046	12093
500	6058	12080
501	6068	12064
502	6080	12051
503	6092	12040
504	6105	12030
505	6118	12019
506	6131	12008
507	6141	11993
508	6153	11980
509	6164	11965
510	6176	11953
511	6193	11952
512	6211	11951
513	6229	11950
514	6244	11943
515	6257	11932
516	6271	11925
517	6284	11913
518	6295	11900
519	6308	11888
520	6321	11877
521	6332	11864
522	6345	11853
523	6355	11838
524	6367	11825
525	6379	11812
526	6391	11799
527	6404	11789
528	6415	11776
529	6428	11766
530	6441	11755
531	6452	11739
532	6464	11728
533	6476	11715
534	6487	11702
535	6499	11689
536	6512	11678
537	6525	11668
538	6539	11658
539	6551	11646
540	6562	11632
541	6573	11619
542	6586	11607
543	6596	11592
544	6608	11580
545	6621	11568
546	6631	11554
547	6643	11541
548	6653	11525
549	6664	11512
550	6676	11499
551	6687	11485
552	6701	11475
553	6712	11461
554	6724	11449
555	6735	11436
556	6749	11426
557	6759	11411
558	6772	11400
559	6783	11386
560	6795	11373
561	6806	11360
562	6817	11346
563	6828	11333
564	6840	11320
565	6854	11310
566	6866	11299
567	6879	11288
568	6892	11277
569	6904	11265
570	6915	11250
571	6927	11238
572	6940	11227
573	6951	11214
574	6963	11201
575	6974	11188
576	6986	11176
577	6999	11164
578	7009	11149
579	7021	11137
580	7032	11124
581	7043	11109
582	7055	11097
583	7067	11085
584	7080	11073
585	7090	11059
586	7101	11045
587	7112	11031
588	7124	11018
589	7134	11003
590	7147	10992
591	7159	10980
592	7172	10970
593	7183	10955
594	7194	10942
595	7206	10929
596	7218	10918
597	7230	10906
598	7242	10894
599	7253	10879
600	7267	10870
601	7279	10858
602	7291	10846
603	7304	10836
604	7317	10825
605	7328	10811
606	7340	10799
607	7351	10785
608	7363	10772
609	7374	10758
610	7385	10746
611	7397	10734
612	7410	10722
613	7422	10710
614	7434	10698
615	7445	10684
616	7458	10673
617	7468	10658
618	7481	10648
619	7493	10635
620	7506	10624
621	7517	10612
622	7531	10602
623	7543	10590
624	7555	10578
625	7567	10565
626	7580	10554
627	7592	10541
628	7602	10527
629	7614	10515
630	7628	10506
631	7640	10493
632	7652	10481
633	7665	10470
634	7676	10456
635	7685	10441
636	7697	10428
637	7710	10417
638	7722	10405
639	7733	10391
640	7744	10377
641	7755	10365
642	7766	10351
643	7778	10339
644	7790	10326
645	7802	10314
646	7814	10302
647	7826	10290
648	7837	10276
649	7850	10265
650	7861	10253
651	7871	10238
652	7884	10227
653	7896	10215
654	7909	10203
655	7923	10194
656	7936	10183
657	7947	10170
658	7959	10157
659	7970	10144
660	7983	10132
661	7994	10120
662	8009	10111
663	8021	10099
664	8033	10087
665	8045	10074
666	8056	10061
667	8066	10047
668	8079	10035
669	8092	10024
670	8103	10011
671	8116	10000
672	8129	9989
673	8143	9979
674	8153	9965
675	8165	9953
676	8179	9943
677	8192	9932
678	8205	9921
679	8217	9908
680	8229	9897
681	8241	9885
682	8254	9874
683	8270	9866
684	8281	9852
685	8293	9841
686	8307	9830
687	8320	9819
688	8332	9808
689	8346	9797
690	8357	9784
691	8370	9773
692	8381	9760
693	8394	9748
694	8406	9736
695	8419	9725
696	8430	9712
697	8441	9699
698	8452	9685
699	8462	9671
700	8474	9658
701	8485	9645
702	8498	9635
703	8510	9622
704	8525	9613
705	8539	9604
706	8551	9592
707	8563	9579
708	8576	9568
709	8588	9555
710	8601	9545
711	8613	9533
712	8625	9520
713	8639	9510
714	8651	9498
715	8660	9483
716	8673	9472
717	8685	9459
718	8697	9447
719	8709	9434
720	8721	9422
721	8732	9409
722	8744	9397
723	8755	9384
724	8766	9370
725	8776	9356
726	8790	9346
727	8804	9336
728	8819	9327
729	8834	9318
730	8846	9306
731	8859	9294
732	8872	9283
733	8885	9273
734	8896	9259
735	8908	9247
736	8921	9236
737	8934	9225
738	8946	9213
739	8958	9200
740	8971	9189
741	8984	9177
742	8995	9165
743	9007	9152
744	9019	9140
745	9031	9127
746	9042	9115
747	9054	9102
748	9066	9090
749	9074	9074
750	9087	9063
751	9099	9051
752	9111	9039
753	9123	9026
754	9137	9016
755	9150	9005
756	9162	8992
757	9173	8979
758	9186	8968
759	9196	8954
760	9208	8941
761	9218	8928
762	9228	8914
763	9241	8903
764	9253	8890
765	9263	8876
766	9276	8865
767	9288	8852
768	9299	8840
769	9310	8827
770	9322	8814
771	9334	8802
772	9345	8789
773	9356	8776
774	9369	8764
775	9381	8752
776	9392	8739
777	9405	8728
778	9416	8715
779	9429	8704
780	9441	8692
781	9452	8679
782	9463	8665
783	9474	8653
784	9488	8642
785	9499	8629
786	9511	8617
787	9522	8604
788	9535	8592
789	9546	8579
790	9559	8568
791	9571	8556
792	9583	8543
793	9595	8531
794	9607	8519
795	9619	8507
796	9632	8496
797	9643	8483
798	9656	8472
799	9669	8460
800	9681	8449
801	9694	8436
802	9708	8426
803	9719	8414
804	9734	8404
805	9747	8392
806	9760	8381
807	9774	8371
808	9794	8365
809	9809	8356
810	9827	8349
811	9842	8339
812	9858	8330
813	9871	8319
814	9884	8307
815	9896	8295
816	9909	8284
817	9921	8272
818	9934	8260
819	9947	8249
820	9960	8237
821	9973	8225
822	9985	8214
823	9997	8201
824	10010	8190
825	10021	8177
826	10033	8165
827	10045	8153
828	10058	8141
829	10070	8128
830	10082	8116
831	10095	8105
832	10107	8093
833	10120	8081
834	10132	8069
835	10143	8056
836	10155	8044
837	10166	8031
838	10178	8019
839	10191	8007
840	10201	7994
841	10212	7981
842	10226	7970
843	10238	7958
844	10251	7946
845	10261	7932
846	10274	7921
847	10286	7909
848	10299	7897
849	10310	7884
850	10321	7871
851	10333	7859
852	10345	7847
853	10357	7834
854	10370	7823
855	10382	7811
856	10393	7798
857	10405	7786
858	10418	7774
859	10429	7761
860	10443	7750
861	10456	7739
862	10468	7726
863	10480	7714
864	10493	7703
865	10504	7690
866	10518	7679
867	10530	7667
868	10543	7655
869	10556	7644
870	10567	7631
871	10579	7619
872	10590	7606
873	10602	7594
874	10616	7583
875	10628	7571
876	10642	7560
877	10655	7548
878	10668	7537
879	10681	7525
880	10693	7513
881	10705	7501
882	10718	7489
883	10730	7477
884	10742	7465
885	10755	7453
886	10768	7442
887	10781	7430
888	10795	7419
889	10807	7407
890	10824	7398
891	10837	7387
892	10849	7374
893	10861	7362
894	10873	7350
895	10885	7337
896	10900	7327
897	10911	7314
898	10924	7302
899	10940	7293
900	10952	7281
901	10964	7268
902	10978	7257
903	10991	7246
904	11009	7238
905	11026	7229
906	11044	7221
907	11059	7210
908	11073	7199
909	11084	7186
910	11097	7174
911	11108	7162
912	11120	7149
913	11132	7137
914	11145	7125
915	11157	7113
916	11170	7101
917	11182	7089
918	11194	7076
919	11206	7065
920	11218	7052
921	11230	7040
922	11244	7029
923	11254	7015
924	11267	7004
925	11278	6990
926	11289	6978
927	11301	6966
928	11312	6953
929	11323	6940
